<?xml version="1.0" encoding="UTF-8"?>
<project-private xmlns="http://www.netbeans.org/ns/project-private/1">
    <editor-bookmarks xmlns="http://www.netbeans.org/ns/editor-bookmarks/2" lastBookmarkId="0"/>
    <open-files xmlns="http://www.netbeans.org/ns/projectui-open-files/2">
        <group>
            <file>file:/C:/Users/rodrigua/Dropbox/Java%20OOP%202%20-%20C195/workspace/SchedulingApp/src/mySQL/Statements.java</file>
            <file>file:/C:/Users/rodrigua/Dropbox/Java%20OOP%202%20-%20C195/workspace/SchedulingApp/src/ControllerActions/Appointments.java</file>
            <file>file:/C:/Users/rodrigua/Dropbox/Java%20OOP%202%20-%20C195/workspace/SchedulingApp/src/Controllers/SchedulingApp.java</file>
            <file>file:/C:/Users/rodrigua/Dropbox/Java%20OOP%202%20-%20C195/workspace/SchedulingApp/src/ControllerActions/Customer.java</file>
            <file>file:/C:/Users/rodrigua/Dropbox/Java%20OOP%202%20-%20C195/workspace/SchedulingApp/src/Views/Login.fxml</file>
            <file>file:/C:/Users/rodrigua/Dropbox/Java%20OOP%202%20-%20C195/workspace/SchedulingApp/src/Controllers/LoginController.java</file>
        </group>
    </open-files>
</project-private>
